frame,true_rms,pred_rms,rmse,mae,residual_pv,relative_rmse,correlation
4980,9.364164302289561,9.430592221445455,2.2869965872402767,1.7874220435699573,17.460673332214355,0.24422858393045285,0.9704112586162954
2490,11.835981146723253,11.799197093975577,2.4626923136149586,1.9230710628292393,15.961871147155762,0.20806828627779167,0.9782911562892005
2739,8.56719087257701,8.521366708109241,2.2947654413220278,1.820929325934992,15.369428157806396,0.2678550618811838,0.9639483045277256
2039,11.45324873096816,11.210740900593839,2.700201430500688,2.058774111950763,20.29733180999756,0.2357585602065621,0.9718367940481919
1041,11.95762692972334,11.583438173672405,2.7708119775316025,2.152490926902385,20.110531330108643,0.2317192193581599,0.9727912848601035
1534,7.830924500211467,7.691339240702386,2.374433215724291,1.7981198869170611,15.974268555641176,0.3032123749450236,0.9533586140157863
2252,4.798511715099278,3.9131320555163684,2.0879181056996527,1.6763435102756887,11.673568278551102,0.43511785104737527,0.9047913701666348
570,4.699878421591588,4.041681849913443,2.30858961114592,1.8848104424888663,13.709717333316805,0.49120198525563746,0.8711172222222261
1390,10.90041894786028,11.203754779964605,2.201775259745749,1.7425557631427944,13.531861305236816,0.20198996664967186,0.9805290583879768
2440,5.822399007598825,5.579003380251819,2.2376073449246014,1.7708752968168286,13.650713920593263,0.3843102030630837,0.9238429761449081
1640,10.500012552745368,10.395498055569783,2.5429472448675066,2.049364451745877,15.176532745361328,0.24218516235988874,0.9704283634638935
4965,20.57241899396797,20.115888100474614,3.3581581030444827,2.316945327914179,30.579509735107422,0.16323593759339275,0.9866264660641323
1232,11.907051298425237,11.559944067984313,2.491766915428751,1.9421137826544435,17.24213981628418,0.20926817672804507,0.9778835929458339
2998,8.98014843943269,8.997843759205743,2.1888551678863415,1.7155714320937288,16.209919929504395,0.24374376243881107,0.9703548461260828
2024,3.6340904824440052,2.1676712347632416,2.658106197388972,2.060475047537894,15.259146638214588,0.7314364378735384,0.6880269892935323
2941,20.347889699766547,19.629631815316305,4.045114366026713,3.099846003508621,30.667068481445312,0.19879773409982276,0.9801624943178575
3839,11.992669936167077,11.960854424708343,2.5111639955404956,1.9317119578680009,19.831493377685547,0.2093915707600202,0.9780228004201645
697,10.239873414021938,10.50889820187609,2.830071197458808,2.239051943214663,19.476797580718994,0.27637755693185223,0.9631217157623172
2480,4.155017291417255,3.111604755737278,2.5143124515671142,2.0800610135660023,11.307270586490631,0.6051268322663215,0.7976196981078935
2616,9.276740378386867,9.143999957192609,2.38961689136441,1.842014121379189,15.32044905424118,0.25759230008546824,0.966445344592464
3378,6.228659410540415,6.026911023489154,2.0890884593580874,1.6201599117136611,13.885245323181152,0.3353993727483058,0.9424129327926387
2265,9.451492936529123,9.093807302723874,2.310789946373072,1.9085630491772125,12.899616003036499,0.24448941155551082,0.9696811646365664
2972,7.653773004034119,7.776984319902666,2.4204193148174116,1.894911951571703,17.340261459350586,0.316238711749312,0.9509162687804691
3409,8.624061778224922,8.160005880907239,2.610635198890579,2.079709052358738,18.451970100402832,0.3027152710666136,0.9531061271822715
3258,8.877332373368231,8.270181420292705,2.575046353673063,1.9662799481748225,19.771467447280884,0.2900698369025965,0.9573517120508924
2228,8.319258744015888,8.394583653273722,2.2600726911016875,1.7001327994561615,15.992723941802982,0.2716675560460692,0.9634701113903301
734,9.424414054391011,9.104968973612616,2.1681811055108966,1.7184124134068424,16.486388683319092,0.2300600433085493,0.9732023198181471
4419,8.046982124476378,6.9508839574440655,2.7880088130039065,2.1437094209190812,17.715243339538574,0.34646638576761146,0.9412557266753281
4169,16.84479766574693,16.713673229749073,2.9336022701809896,2.2037984805242163,22.9005298614502,0.17415479416213622,0.9847466148037008
3279,12.329889044058623,11.85287709802338,2.4657884873204563,1.8643469247279634,21.146965980529785,0.19998464532076551,0.9799767829741203
4788,16.491663151018333,16.649727630075297,3.8476410570756867,3.028787480135924,22.405368804931644,0.23330824925550953,0.9730875048402824
628,7.680996992124311,6.95410680398262,2.2551041743155675,1.7445895968800187,15.045799493789673,0.293595242470194,0.9573418476534195
3970,5.978480321614014,6.235962837128333,2.206616628216863,1.6992300318373086,13.315160036087036,0.3690932326463092,0.9355866951537954
706,15.95029667261616,15.683712503460637,3.676485034914097,2.7923684061999476,30.54468822479248,0.2304963418784537,0.9731262347660073
1081,5.308021284957535,5.107135194004798,1.8448598170481392,1.4767592836999714,11.460746049880981,0.3475607421312174,0.9379693177666636
2957,16.747841431762374,16.444740313915407,3.0559169835771125,2.1633124696388784,26.091641426086426,0.18246631937782434,0.9832129783270783
2958,11.706652813772779,11.683610013969083,2.675732596360561,2.0644166306318503,17.25798225402832,0.22856512778892563,0.9738294154901252
4213,9.695149725341786,9.17423036637849,2.4989842498888892,1.953046227891442,15.641126155853271,0.2577561276188328,0.9664200953583499
3426,5.824301589624614,5.630163931119254,2.2632752507330895,1.8581907292785513,11.737313747406004,0.3885916990914204,0.9224694945375761
3230,20.114694441494027,19.57374415658662,3.792349817416112,2.7711292124961395,30.944807052612305,0.1885362876600791,0.9821074696212596
4192,14.834823991743143,15.061883779821645,3.0662848495812907,2.3517286534188075,26.128952026367188,0.20669506097867707,0.9790759709376581
4449,7.221160741915168,6.917600111219419,1.9937493819562184,1.5219831543051285,17.826799869537357,0.27609818604140973,0.9611346707334861
1998,8.069572325812446,7.814894833462907,2.0976892965728675,1.6380959448908436,14.852556467056273,0.2599504920307746,0.9656260450026823
684,14.337745977733908,13.852298138980515,2.9135089417458566,2.197837831220454,24.057754516601566,0.20320550707694565,0.9792234924328801
2266,5.25958760228203,4.754886677226314,2.241591355326236,1.7562402524255418,12.446221113204956,0.4261914668658916,0.9046331761430988
3063,10.971304743592233,10.727436136719481,2.6211411956649906,2.0313039731171454,19.6170711517334,0.23890879498136833,0.9710651734584824
4727,17.122877044289613,17.155234198725907,3.0179567811763754,2.1324923447295587,25.587967872619632,0.17625290267343524,0.9844985358040574
4912,13.976275595973817,13.90078024551961,3.0086802132329495,2.326026230930161,23.569761276245117,0.215270527013625,0.9767181279734697
2222,6.419965029322306,6.215345687578092,2.373347768979003,1.8828171654437975,12.640735864639282,0.36968235156096085,0.9299425060339833
4015,5.133569454994756,4.794033225062892,1.7725172376471352,1.4344534157114235,10.696295142173767,0.34527968369504525,0.9385113631349106
2061,10.044889185299194,10.03685948200507,2.755306530213647,2.201805716054317,19.570475578308105,0.27429934560612856,0.9623501574004854
4438,15.153824885617041,14.605633424233483,3.1620580133681644,2.4545121784232435,25.471218585968018,0.20866401962776873,0.9780914382869689
423,8.406219674013416,8.132175133553933,2.3713370755437473,1.868491902265499,15.932965278625488,0.28209316048144506,0.9594202012776295
3068,14.209619538261713,14.066066894136176,2.8313499230826364,2.2107573940722482,21.621320724487305,0.19925585730559262,0.9799975067557913
1037,11.485577083654087,11.197916582230706,2.7160647105157287,2.200278265817952,16.90113925933838,0.2364761205060516,0.971642944556307
3320,6.60025953960915,6.261753928267213,2.0225076865341185,1.633026777451778,10.788185834884644,0.3064285085149676,0.9518990061822719
344,12.112433640610204,11.802796344248634,2.6670013439599014,2.082202757527988,20.794769287109375,0.22018707578451116,0.9754581978277316
3237,9.18103667524731,8.210227500536384,2.403496170481372,1.7014752080744313,20.344889163970947,0.2617891917327113,0.9679329662012448
3043,7.345096888791976,7.0688545503946285,2.345798008805427,1.8980760499518339,13.61777639389038,0.31936923968762415,0.9477435487609446
2707,24.634858997131,24.18419903840275,4.663089529285562,3.206349064337023,40.995534896850586,0.1892882573360225,0.9819215864490898
1471,5.776353620873924,5.278009191330107,2.159594933075259,1.757251268675329,10.778463363647461,0.37386820039395835,0.9275853752897396
3541,8.786581969449696,8.159524074910221,2.047283009085076,1.6266192630263299,14.58422553539276,0.23300107097427983,0.9735113901686782
523,15.123486804916219,14.797320817845884,2.9238007145756266,2.2481073095343076,24.053645133972168,0.1933284798863435,0.9811378160528204
4948,11.273692104859197,11.342461650084235,2.4367939970013555,1.896636095387253,17.549838066101074,0.21614870925480092,0.9767999928481453
4325,6.886464588700612,6.626031598844354,2.4200950308437967,1.9544162919646617,12.79983127117157,0.35142778993080365,0.9365653819072586
3746,4.160595860816114,3.3215679403233582,2.121220852649199,1.708899807985981,12.880513668060303,0.5098358320803392,0.8626739526400171
283,11.325152033665638,11.279058402645713,2.6525011062354573,2.0794151410570683,19.564236640930176,0.23421328900049354,0.9724682954971852
2218,8.774215173105187,8.806005597293515,2.337385200869455,1.8248509990584876,14.54907763004303,0.2663925097294208,0.964652150112096
294,11.579423274159856,11.65934984310236,2.410230786347979,1.7786361386935539,19.840105056762695,0.20814774011470386,0.9785094191487029
915,8.344252795785497,8.183563747753272,2.2508814024524604,1.807598097005912,13.276964664459229,0.26975230227796215,0.9630915089409521
3572,21.291039272751323,20.293175116757496,3.546222803015828,2.683174430214364,27.312685012817376,0.16655940358695176,0.9865992124220665
3788,8.21134324443108,7.897610288245321,2.669317616895722,2.1302078382871157,18.176418781280518,0.3250768525242261,0.9458224412014997
124,9.914251345391515,9.820423720014396,2.3244645843502294,1.7684618338306861,16.306650161743164,0.2344568947639925,0.9722975918687499
4407,5.318437907097511,5.389670743766901,1.9006278794148865,1.5292101227023507,10.307675004005432,0.357365811656554,0.9370772914063334
2475,5.908225756959545,5.23133832307058,2.747812795907192,2.1293755601050974,17.925923109054565,0.46508256605977333,0.8852673235869901
3929,6.485779005636177,5.338475073317536,2.408924366990074,1.9319638104498973,13.692702054977417,0.3714163502790807,0.935209849785072
2001,4.770931808556782,4.40143083009487,2.072617387568158,1.6766979227130698,10.866076931357384,0.43442611857307806,0.9009660829141863
594,13.039553329469088,13.031008079751341,2.704635711196254,2.0748263850842976,21.242351531982422,0.2074178189128488,0.9784750329079445
1165,3.467845440216658,2.6216515374570863,2.0904815706980155,1.648963567847842,13.16393494606018,0.6028185531150461,0.7990388726654694
4519,17.18429588116373,17.01309962013514,3.383120478571097,2.5662213516807344,28.18688678741455,0.19687280188648557,0.9804756657340711
2850,14.557429099473486,14.346395091198135,2.550514434813854,1.9109415255110085,24.52624320983887,0.17520363090115282,0.984532696196878
836,9.781847048247124,9.44753848535217,2.5700800503754992,2.046530573567426,14.708902835845947,0.2627397502433908,0.9648672127658763
2464,6.616267066438046,6.347195091237379,2.2027820840500585,1.8352006573663784,11.405464172363281,0.3329342757676732,0.9430899033177079
2713,7.4949626556304,6.859174246814344,2.1390327447422797,1.7569868823504682,10.429044246673584,0.28539605105775756,0.9594310966359718
4047,16.53300494595172,16.477737030841205,2.961196331519824,2.260800993712524,22.48993492126465,0.1791081742974319,0.9839119378631315
2946,14.306566370875888,13.976775915321573,3.108959811896079,2.460785909132138,22.984230995178223,0.2173099911817443,0.9761030080258762
4167,14.163406532701684,13.896785378374533,3.138878185345426,2.4319703785318625,22.127720832824703,0.22161887241590614,0.9751519658798607
571,12.824626665989122,12.483231152964613,2.9414781934429155,2.327344639410392,20.047927856445312,0.22936170151788576,0.9733412615078617
3081,18.34096747770705,18.184890174650715,3.516422931908588,2.4888453607270296,35.502315521240234,0.19172505137380047,0.9814995257103631
897,15.022657259090455,14.865055477623384,2.812482212890386,2.2072115844136975,18.80192279815674,0.18721602739012813,0.9823448907704556
201,14.171163521450033,13.808004520508314,3.1704516966401903,2.40891230452901,23.24787425994873,0.22372557425092648,0.9746522175502521
1359,17.03450864360381,16.8626637181382,3.2757898060693638,2.507735760435081,24.54039764404297,0.1923031579369547,0.9813727191847023
4462,5.154144311143664,4.414203989391892,2.2134855900513846,1.727119429524773,12.952938795089722,0.429457433946049,0.9043575716580072
460,4.024427449325777,4.136176337163625,2.123211901313696,1.7222823872547286,13.368023872375488,0.5275811101202491,0.8649642330268971
3887,10.643706459063285,10.63170516950324,2.3073956972324083,1.7627876965564975,17.735203742980957,0.2167849805053224,0.976476247636749
4722,7.027196037672662,7.0931096494713435,2.149227663219535,1.7616753336972806,11.895246505737305,0.30584427297852046,0.953707841211714
803,7.347071922716737,6.513880990788744,2.627827559936817,2.030475685879496,16.198596954345703,0.35767004700358523,0.9351072258780421
1323,9.915189922134411,9.827184391007686,2.2007505065187964,1.7246421963946148,11.772550582885742,0.22195747371473928,0.9751865905204492
1184,15.365083292485902,15.102219862651816,2.7398425567494944,2.023477527170943,23.993833541870117,0.17831615387919045,0.9839738407625983
855,12.602392949115861,12.799425668648633,2.5219648522503624,1.936203495309007,19.135953903198242,0.2001179349376893,0.9804049848149355
689,7.528277888423407,7.141244495161029,2.7160060575781073,2.233436661109687,17.908028125762943,0.36077388452339676,0.932787175134074
4841,15.030552570660426,15.018843823617365,2.9979116753183295,2.1593020117347357,22.737585067749027,0.1994545217965067,0.9800937433820242
488,15.120174839362095,14.575529056256368,3.1937832663371752,2.446549995078374,25.343879699707035,0.21122660949811595,0.9775310641641339
2347,10.579852175436821,10.605171609990942,2.246845561762786,1.8123233168393682,12.408655643463135,0.2123702226179751,0.9775061396526523
4661,12.366704554115364,12.173975095886501,2.587211193801113,2.0534483530895393,18.258684158325195,0.20920781138416916,0.9778929566401386
583,12.636823165405637,12.585470463210893,3.0082933516915,2.43234661625405,19.552675247192383,0.2380577232359281,0.9715569320812262
1376,13.533364813848372,13.654911285942433,2.6526173156856903,2.0850935724357766,20.802282333374023,0.19600574965446357,0.9810018316510917
2853,19.430169390001307,19.229213430135086,3.244093905483316,2.4306920784325765,26.146427154541016,0.1669616893382677,0.9859702785129092
1530,7.6866871821911325,6.8712194614515765,2.4754651608352103,2.0170392280193883,12.959843635559082,0.32204577891116487,0.9482841793730931
1865,8.112624028996393,7.869226733986095,2.4449972119317365,2.0130997843977263,14.612865686416626,0.3013817974545291,0.9536437820989886
395,13.606199238468086,13.377063044183565,2.9048496806434763,2.1864378982957606,24.125795364379883,0.21349457182948994,0.9769638951424102
3026,9.893727355135885,9.623444163798965,2.3834796045531235,1.9446365996369368,13.47321605682373,0.2409081551368855,0.9705502575238679
3717,5.502275559009708,4.885854165329198,2.2377198121746527,1.7986888694354055,11.66589069366455,0.40668988460792294,0.9139351962699153
2078,9.902078986563712,9.613337347520257,2.4383761658574015,1.889942081967495,20.19337749481201,0.24624891087680403,0.9692079953832555
850,6.744992097144604,7.067837638554067,2.230545441852378,1.7914106471137499,13.974110603332521,0.330696524136277,0.9489107682277557
3965,6.807651425893503,5.909057305889044,2.644517932138429,2.109978106636758,15.389731884002686,0.3884625940276219,0.9231109194277013
4959,10.405635007777507,10.494662808755582,2.335256050799837,1.7207767273660362,16.970983505249023,0.22442225285188183,0.9750672443870851
3319,5.967975923666941,5.441538200192476,2.3675283928970132,1.9794899731843172,12.87391972541809,0.39670541958927974,0.9179667574127799
4202,17.230883850738202,16.680810628709306,3.2068875712363996,2.495594008126812,23.39903450012207,0.18611277279888405,0.9826362642284329
1245,9.612073372578598,9.587237871488398,2.2199331296575635,1.728142061507271,15.949161529541016,0.23095257845103503,0.9732647130676751
2295,7.461948977298308,7.223208789203303,2.6132754991661487,2.1202755180209976,14.677696585655214,0.35021353095774155,0.9371770822434798
932,10.200114849668614,9.891052203858402,2.5211825424672867,1.9749515949194014,19.551540851593018,0.2471719759654663,0.9689719008025256
3400,12.212964287137492,11.950929898273003,2.948221824106251,2.200296110257539,22.744720458984375,0.24140100263875114,0.9704591337197374
2908,7.331182488570911,7.302819674142195,2.138803297105894,1.7150791849134188,12.302483320236206,0.29174056169522755,0.9572859543790405
1876,7.431231836592763,7.618966756830109,1.9956677580790645,1.632072676050186,12.23732614517212,0.26855140600674393,0.9651398503671293
758,15.644965195312047,15.439916882313186,3.132852576482103,2.326705867224737,28.13150405883789,0.2002466951745505,0.9797713956066717
3270,5.473082526040732,5.023613993934674,2.122878466924177,1.6969226392787942,11.990818500518799,0.38787620263783656,0.9217194908322623
655,9.107863006493645,9.067422167050001,2.1249517301199172,1.6759318521262367,16.184968948364258,0.23330958410385483,0.9726718338807768
2234,4.605682912790895,3.2250638648729697,2.4162649693838802,1.9335208551396006,13.935774803161621,0.5246268610184677,0.8676340501370476
3275,6.612187701897205,6.225982259853172,1.8587491703242516,1.5100411532249456,11.455348491668701,0.28110955921455905,0.959849337348247
1008,5.726761588971467,6.152092483731556,2.3136060533854637,1.8815631555445314,13.611487865447998,0.4039990171480126,0.9266018083889445
3550,6.519149456982097,6.4787620728316755,2.4659927840231464,1.9825754015478307,14.2249116897583,0.3782690978777967,0.9280295643138995
4495,9.210678028088319,8.555277194805026,2.196086433350125,1.6898756490629836,16.64409351348877,0.2384283140343278,0.9721240435255918
2538,10.463963106613585,10.689078835746741,2.4690588819221584,1.8887875293856358,19.470919609069824,0.23595829388595876,0.9729746632583346
4698,11.325679650653926,10.983604559862114,2.6770502993341236,2.076100207410557,19.061328887939453,0.23636994705033487,0.971664931518663
1194,8.350236552620855,7.805473018474588,2.360062934106752,1.8998798355291455,11.973687767982483,0.2826342606265458,0.9595479573904092
742,7.223142684723961,7.128300130326893,2.3753427044712545,1.8550503988951645,16.60808277130127,0.32885169352874694,0.945296203951474
3070,18.300272883160467,17.67342697375301,3.281124255514397,2.446403683455181,29.616365432739258,0.17929373384009042,0.9839642464739936
382,6.0672804409861465,5.415026561281794,2.3131809816902,1.8399260258673535,13.313788414001465,0.3812549962358797,0.9250426362026511
818,8.51275558669167,8.610125850457088,1.9262258080078145,1.5162279246223669,10.792720317840576,0.22627523936187716,0.9747539422403044
1945,9.902986781686238,9.641425898963192,2.481631598234102,1.969512253199548,18.841886043548584,0.2505942553435925,0.9681077156845351
354,17.42613020858442,17.27141735283428,3.793538441188114,2.9750192346676934,28.061559677124023,0.21769253390057589,0.9761324908796726
3968,16.008520543275285,16.067610233110038,3.3452510611285975,2.472545025198128,28.04347801208496,0.20896690934590081,0.9782534970423028
4006,10.746159871507126,10.786898526445162,2.563425446778776,1.9832646745625389,19.37686061859131,0.23854339386626497,0.9716631354045406
1938,7.2890176449452,7.290657614217594,2.38801760144741,1.8723304703744594,15.071931838989258,0.3276185787673949,0.9463451306400409
4919,16.013910933320837,15.438624666388895,3.07734748533141,2.2882868824662728,28.58143424987793,0.19216714131513246,0.9815171880054091
942,9.880106333596732,9.886277143662038,2.1616860078317686,1.6124926354400568,14.519701719284058,0.21879177559871799,0.9760802140699777
2404,16.04868746448294,16.036276182060167,3.10120022100171,2.3178778775138107,23.216066360473633,0.19323700008894312,0.9813155803040026
4756,18.02865189093237,17.983917982249295,3.3507175240277096,2.5040914210113048,25.253147125244137,0.18585513461009112,0.9826890597397157
2928,9.369126202208056,9.215139009570565,1.9946751470164032,1.5692795427356914,12.555785179138184,0.2128987382565421,0.977095681899908
4594,8.459964118693764,8.4719079049596,2.340024856129615,1.877529731183439,16.010671615600586,0.2765998558976063,0.9618011855763148
4306,6.065249899743477,5.80091188085376,2.387082076487429,1.9300563116151217,12.364038556814194,0.39356697843371435,0.9200163509207797
3465,6.367734278413379,6.354701631148186,2.055996277416452,1.5791312466495944,12.538032531738281,0.3228772099341959,0.9477703512535915
3951,13.956803320107333,13.757477168326702,2.422489301218967,1.7533597571257473,19.12541675567627,0.17357049788965123,0.9848218549409689
3942,7.599533367865379,7.36063840460812,2.1635711542563913,1.7585194831168165,13.147605895996096,0.28469789518986127,0.958668369309461
3118,6.469013506045767,5.970305056060806,1.9018488712673403,1.5062393791354864,11.106886506080627,0.29399364671134526,0.9563937599979897
2506,6.063620960826633,5.8920135496365775,2.4106011684580015,1.945491440320174,14.757752776145935,0.3975514274443323,0.9190869775334871
2485,14.236360758869589,13.755396660844973,3.128630136313846,2.254173303238797,26.285154342651367,0.21976333624199818,0.9755983333457536
791,6.872376721352632,6.795855137343457,2.178387338709271,1.748008682140312,12.640438079833984,0.31697728850354956,0.9492597137437916
2531,11.68911775464047,11.901719360291862,2.8125882652039644,2.191391436436106,17.814533233642578,0.24061595787136228,0.9717315287651103
1220,8.07391276095383,7.939127537391257,2.1225410844594372,1.6855347578115882,13.293919563293457,0.2628887811030406,0.9649997973529618
1592,5.588632415071467,5.307108122750377,2.1457549630461275,1.6837262609792862,14.656744718551636,0.38394991899260345,0.9237173246037454
232,13.653965274995796,13.34197555339986,2.7635572180230534,2.1049983279584987,20.597927093505863,0.20239960790612926,0.979305388195685
3446,13.741251802774324,13.580807599140288,2.6064794582647774,2.0073297923200593,19.631732940673828,0.18968282480192494,0.9818666518695519
4774,5.7410455605288995,5.733159496502326,1.9146819885965685,1.5113899603544905,12.963551998138428,0.3335075411629683,0.9443108071567853
3908,8.207313369648848,8.486013239237115,2.0764196026790795,1.628689222938964,12.060500621795654,0.25299626188976865,0.9696051354534622
2014,8.138832771668598,7.910664528831234,2.3060794975271475,1.8460662426905936,16.135101318359375,0.28334277926862506,0.9591049282090564
2746,4.8648280121243275,4.397266208575982,1.892267890409616,1.4924094995795194,11.539649486541748,0.3889691240252743,0.9214175262441966
305,12.609036605836213,12.537326852772722,2.6160125449970337,2.052347499569096,16.337607860565186,0.2074712467553776,0.9783710050417324
1045,6.93886581873339,6.231925114427877,2.2259215820774645,1.7078118225827086,16.0352566242218,0.3207904058424033,0.9484886103057447
3948,11.399274669369067,11.854695455261544,2.4962943146381518,1.9011696602849097,20.120960235595703,0.21898711865816617,0.977710880413455
606,12.506038659406952,12.442191835088755,2.276409527615282,1.7873252258300671,15.765797615051268,0.18202482733435202,0.9833615692153342
3397,12.107325181463114,12.112209398581935,2.7493942592490392,2.193312653173727,17.87302303314209,0.2270851916539329,0.9742266364704513
149,10.76367644471886,11.12405154307115,2.797665558459741,2.17963771545469,18.713214874267578,0.2599172850306552,0.9678581120426999
2029,5.968349629035949,5.73826611217546,2.185763880330533,1.692450684092618,13.685158967971802,0.3662258440250917,0.9310232963589491
4077,5.165042123762106,5.1307863929233095,2.1732769022624248,1.7550778621338838,11.805214285850525,0.4207665397856342,0.9109088802015274
4137,9.775352225297578,9.873412940461893,2.6545636618880506,2.0637899821372585,18.116963386535645,0.2715568299440219,0.9635444598279483
4357,10.85712571819042,10.516316628562267,2.558481134817795,2.0691940848593493,15.838956952095032,0.23564995020102084,0.9718433814441624
434,9.624973519429924,9.561509912515174,2.551563522869468,1.999086446608665,16.032772064208984,0.26509823821526673,0.9646501156910339
4847,15.54126755503367,15.250616962483841,2.90771590941681,2.173298113528147,26.326128005981445,0.18709644494055622,0.9823421044371463
3688,12.343228768555047,12.38299622483341,2.644916227876041,2.0689003149440435,17.71438503265381,0.21428074270275935,0.9771207839975712
3373,9.473771200495706,9.726053871864009,2.264778877050432,1.7884373136464755,14.996203422546387,0.23905779748321657,0.9725122401995847
2368,11.917506510146511,11.491138101510481,2.9652361100706806,2.4210570620633853,17.344430923461914,0.24881346677227253,0.9685611364841522
2376,11.668555279441918,11.592865163630995,2.557779187240694,2.0024540967324995,17.546212196350098,0.21920273127103249,0.9758393978189409
2821,12.76155209723142,12.847704879691976,2.814439824329377,2.2485243208152075,18.487871170043945,0.22054055830246239,0.9758666422674129
491,11.28509463375221,11.066130857204257,2.738336160186934,2.126793721674229,20.96291732788086,0.24265070423042231,0.9701697607863851
1585,13.061675124632577,12.982140056679109,3.055924371896558,2.4796053332628354,20.624277114868164,0.23396113765940268,0.9724820701707242
1687,3.34301041473715,2.4715828585594397,1.8192566967326955,1.467036037991535,10.298008143901825,0.5441971370214046,0.8456701642383069
3193,5.565790356672907,5.763496648682109,2.157242154633972,1.655072511799791,14.166617631912231,0.38758954548972957,0.9280730349378447
4648,14.652129654650413,14.47482998292218,2.6960149792366095,2.064542805800137,19.876625061035156,0.1840015781174122,0.982938467062067
1723,10.845573319265425,10.658834558320105,2.3798243304823035,1.9179323410793832,13.0602171421051,0.219428172252999,0.9756546910540207
1319,4.636827343034829,4.001941788004049,2.197231935984327,1.745914592296892,12.555604696273804,0.47386537678287294,0.8807751171580891
4764,16.281832936103722,16.16774120466004,3.264409417678606,2.516393816639214,25.0767822265625,0.2004939757390599,0.9797839741797897
3168,18.666989143073856,18.600144138156704,3.3449691166675475,2.5574258610922125,25.913337707519535,0.17919167847743966,0.9838939080426166
3676,6.280965978065786,6.073848637044318,1.9647717857189448,1.5613571300373366,12.898173794150352,0.31281363289982245,0.9499676679425726
3521,16.967587672968417,16.514763071400168,2.9651738236009693,2.314962533317653,21.039058685302734,0.17475517915401012,0.9846775073965116
500,14.710602413769335,14.667802704150354,3.357883552071566,2.6579245424043294,19.988612174987793,0.22826281736283885,0.9738762699510147
4123,7.377151962293386,7.1536050506200635,2.335331225479669,1.8390636926066264,14.732478618621826,0.3165627111134727,0.9488017072895331
8,15.040198941059181,15.129568396144771,3.4199426042838814,2.5182701660186555,29.96469497680664,0.2273867930661187,0.974317881247997
2055,11.209546559549842,10.967510912034532,3.058822117451991,2.43285526671604,17.128792762756348,0.27287652548675695,0.9621858257774442
4257,9.41770385017524,9.325903323325663,2.5163659585950033,1.9919001470639663,15.50156021118164,0.26719527377665203,0.9639999350145267
2478,7.08111483054397,6.845593943941343,1.9772286617775097,1.5432362799202768,11.948392748832703,0.27922561758903425,0.9602474691062056
1078,12.647051510235995,12.34533712167142,2.5068815142886267,1.9821188752712389,17.929485321044922,0.1982186529611002,0.9801660812233123
4436,8.815165477546703,8.713789944912218,2.3486449243272496,1.8463172209256589,14.777092933654785,0.26643231262187117,0.9641608834360028
3297,7.958840681270715,7.566208731213883,2.3227101512156882,1.807249077072216,16.278444290161133,0.2918402621981927,0.9564847649080556
4508,5.097553093880989,4.765778374832261,2.0203610890244454,1.6179538676445289,12.097649693489075,0.3963393910403112,0.9182552110212797
3038,7.56491286760877,7.393289264878903,2.208630973761549,1.7898422458840135,13.472697257995605,0.29195722573599,0.9566544632653202
3234,14.461315483895174,13.93753737508564,3.185328556088452,2.430742115504098,24.851253509521484,0.22026547720612202,0.9755104850334855
2675,13.082077073208623,12.861772848742673,2.56491863373966,2.0160846205693557,18.656469345092773,0.1960635623369375,0.9805945442863303
4849,11.857202879220363,11.91304539780139,2.350215759442842,1.8281158411362424,18.382702827453613,0.19820996430461463,0.9804595226876013
2371,15.888015886137374,15.730403188663619,2.719470251835985,2.0215121968617353,21.382521629333496,0.1711648749173759,0.9852542167400021
4975,11.207117024089518,11.304077316211185,2.3772356293702672,1.9504764664635725,13.892711639404295,0.21211839086363043,0.9777329668865457
2336,10.060929685420053,9.52905526129775,2.494296343347275,1.940674540499243,17.236024379730225,0.2479190712327432,0.9690280989712239
1371,13.369295959776984,13.7698362294358,2.97276036867827,2.1933902011025315,26.055913925170902,0.22235728624919,0.9764334576708203
345,12.962530373709512,13.36261062332654,2.5605497430532878,1.9823380887764182,16.251648902893066,0.19753471500028819,0.9815361962050059
336,12.788430820452612,12.819514404337946,2.7152006563990354,2.1466372549071244,17.701671600341797,0.2123169522922702,0.9775183537288894
2032,10.00200304178007,9.711466638252992,2.4912929108840745,2.00411770484215,16.30248212814331,0.24907939944404334,0.9684862073277994
4938,10.382090869650558,10.339665991118304,2.8812243360925383,2.273454038507235,18.099125385284424,0.2775186975597638,0.9613420654580953
3633,4.01577851038376,3.4347993536071626,1.8154807315615056,1.4388560774752843,10.262743353843689,0.4520868685529204,0.8927590400175166
4875,7.140417930599078,7.150887304589795,2.362681488226149,1.8352210463993415,15.39965534210205,0.3308884033385874,0.945337653804012
1562,13.036719455392092,13.133541081724111,2.694984261449672,2.009955050446191,21.59354591369629,0.20672257853451045,0.9788177836627999
1964,7.158532882948045,6.802657650475496,2.1612081346670906,1.7536850654863374,11.819188833236694,0.3019065735962725,0.9533424143569068
1603,18.559069161372907,18.361774133170847,3.066585068245655,2.287903643662234,23.822378158569336,0.16523377555099342,0.9862593328349033
1891,5.153004169985034,4.594113489154542,2.069386818727625,1.6246690910937123,12.277915239334106,0.40158842307586085,0.9161508571669837
1163,4.664089778150798,4.290321334318694,2.0075217197237443,1.607653675967565,12.44228658080101,0.4304208999423848,0.9027897474734984
2960,7.215516052479544,6.7838557617508375,2.3604819785411153,1.8497239921401458,14.681052446365355,0.32713973073761754,0.9449882290973975
542,9.747451775926494,9.567520063463366,2.627058148418607,2.113313864058304,14.997405052185059,0.26951230011793575,0.9631721148553184
1063,6.249941048935422,5.788453213513421,2.3383180375800006,1.889588399023781,13.902052879333496,0.3741344149123288,0.9273752818853526
4582,11.189013912257481,10.488416205441668,2.8295684890573507,2.089342836385213,24.076822280883782,0.2528881017796912,0.9679791297505802
1061,5.875616867827891,5.51536841117937,2.203763641745342,1.749042065644227,13.760777950286865,0.3750693231568779,0.9270695661119408
3274,10.989701702223776,11.164684396779775,2.575234769151519,2.0076874816678925,16.755041122436523,0.23433163510074326,0.9730994265421843
4434,4.674223005175704,3.8840202647036217,2.2945091475675747,1.8452780363509542,12.561647176742554,0.4908856819682963,0.872200250945894
4614,6.757637065868432,6.571240165725057,2.0693088096019268,1.6681233268819946,13.429322719573975,0.3062178080047567,0.9521766227748237
2933,4.274927634100734,3.458708186304149,1.933831205526986,1.5340638598553167,11.097484827041626,0.4523658342426616,0.8960656820554175
4976,8.210875574071503,7.738720259934443,2.081192250457038,1.641958624536758,13.547918796539307,0.25346776134680155,0.9676713674883807
4761,18.291325101622046,18.127927542335208,3.513639367700524,2.6861302057295284,27.852848052978516,0.19209321075316407,0.9814240589469457
1467,11.055643073946216,11.404354465260818,2.6786032939214075,2.168782872464032,14.753841161727905,0.2422838071024396,0.9720289591632292
4403,6.580083482794287,6.407085086360476,1.955099179054541,1.5458447972251614,13.35096263885498,0.2971237650961066,0.9550218170016155
529,13.758197748945895,14.111709195526611,2.8892758072638647,2.235892996531445,21.803495407104492,0.21000394528311173,0.978823402128982
3533,13.760902465045598,13.678825453416666,2.5853313127161712,1.9907956191355336,19.873957633972168,0.1878751280508843,0.9822634661105334
3437,4.607731362838051,3.68145189031772,2.3139975908063173,1.7957717612894064,15.10937750339508,0.5021988932490741,0.8674599503702781
2094,7.508938834708868,7.374711007141181,2.1694435222111976,1.7584974189028633,12.803943395614624,0.2889147947487989,0.9576671609382819
564,5.242274334583339,5.028556346087972,2.3209472402536124,1.7634110107527021,14.104579806327822,0.44273670016509803,0.8986930285091324
4924,9.178135478882131,9.157402064330237,2.144154588897838,1.6882799466177985,14.182962894439697,0.23361548691793654,0.9726526760539721
2578,12.524829916821401,12.544703144919772,2.777256082755452,2.154399831616439,21.337364196777344,0.22174002371285492,0.9754558840669926
1473,10.368604911044343,10.232515778543924,2.8907463211734843,2.314936054829397,18.635262489318848,0.2787980008857646,0.9607062365066501
2571,11.42369791663197,11.12649506863257,2.4942328916198693,1.90776380900514,18.768224716186523,0.2183384845977475,0.9758749320822526
1625,11.816445018191745,11.942805299731681,2.8479199538427613,2.202323482438372,18.648773193359375,0.24101326155694963,0.9713201708553094
1029,16.496210731131967,16.328634474914345,2.8043738604873654,2.1980174568447324,22.27646064758301,0.1700010933538147,0.9854536426523913
1742,8.673387463361435,8.455886346665922,2.4002659881906125,1.865186704336506,14.926372408866882,0.2767391631389625,0.9610452805301477
1272,10.740395353214817,10.711031301825468,2.718323653222978,2.1619591201160993,19.23132038116455,0.2530934443124879,0.9678877973573532
748,13.738369328436926,13.658263080786478,2.5221607606047063,1.9065367214200466,19.134294509887695,0.18358516213304213,0.9830665069698401
2446,24.001336937359547,23.208023532145383,3.5864007107163167,2.619418092163986,31.63710594177246,0.1494250391166279,0.9890193843987519
3285,8.95394113892099,8.554709837548362,2.4414592906596146,1.932984672296082,14.540821552276611,0.2726686777118826,0.9621314529197885
875,3.4097658149298686,2.1493302463170387,2.0191269679506805,1.6611071293384594,9.991651058197021,0.5921600126055019,0.8302446856384273
2891,11.44139474930501,10.864467715984949,2.504981149903816,1.9333785450259335,18.827499389648438,0.2189401908413288,0.9760987014720937
1537,13.068453252676678,12.597503642980868,3.2737682006283433,2.522101613820018,26.435074806213382,0.2505092329849985,0.9681231492695873
4723,8.24533498869487,7.989944685126864,2.5486607694147803,2.0982726827466696,13.961978435516357,0.3091033624357572,0.9511955835264757
4204,4.628389572903636,3.879206481187483,1.9532306001552013,1.5599322672378357,10.317139148712158,0.4220108461893875,0.9093865518593113
939,13.676705676884644,13.52238766680777,2.711944257105402,2.122895704576946,23.600738525390625,0.19828928991935021,0.9801807083947274
1510,5.617122506504955,5.642615452458305,1.7278768590368578,1.3358452493172763,11.253216743469238,0.3076088970884783,0.9529123859928501
4014,3.822129886286305,3.013168973270872,1.8903483259997287,1.4970109141631616,11.312121152877808,0.4945798238783683,0.8732712861162545
3996,3.9296679140295874,3.2780195795240803,1.7719290305116526,1.396367558708171,9.313837170600891,0.4509106289072322,0.8946131677565856
1805,7.814431843996952,7.4157959358617065,2.4498043041962214,1.9457557137401937,15.316813215613365,0.31349743053657336,0.9495892393433427
2993,19.07691563845805,18.44421522491103,3.399592542809723,2.4417873446502396,30.577016830444336,0.1782045172939972,0.9841457402598841
454,15.78025262311079,15.372954323601341,2.959460145796493,2.1455351686723927,30.228894233703613,0.1875420005293356,0.9822899867492942
1150,10.45946691660494,10.696305820001472,2.2863475481709856,1.8206324116528914,14.083388328552246,0.21859121180844232,0.9768886273172267
138,13.652043674779957,14.124902039046235,2.8743278156247807,2.0841041023082285,24.138479232788086,0.21054194405594068,0.9791577871412562
3399,18.111542037087943,18.122832251655222,3.318432943361113,2.4496704904353033,29.376537322998047,0.1832219993507889,0.9832255005134894
3619,10.502896510690494,10.253714430348113,2.2160651479760984,1.6947480135606814,16.6974630355835,0.21099561875340303,0.977487759437979
1791,5.2564214787064145,4.990023112268356,1.845859678018906,1.5092647594744661,9.850110173225403,0.35116279877791784,0.9364034976484581
2205,8.60163437956096,8.23311019149,2.8125845549333777,2.1286935277601025,19.464847087860107,0.32698257456938506,0.9451071800884366
1179,6.997645705937212,6.601778154415899,2.0632747241451743,1.6058608608726086,13.39058780670166,0.29485269915774265,0.9556204954795857
188,6.341849967348209,5.884101696145939,2.3134321840808774,1.8842954414559376,14.744641423225403,0.3647882236243156,0.931096278174646
2438,6.261250668445473,6.1241417173948935,2.2059529714602575,1.7237796028358678,13.463782072067264,0.35231826487597656,0.9367915419514019
4718,9.458985498007426,9.580609716381828,2.2109791782601533,1.7841342247552339,11.432455763220787,0.23374379617411456,0.9731103327477485
1281,15.809950421584782,15.389742465629674,2.88601932178103,2.2523777687771087,20.884379386901855,0.1825444890605632,0.9832466871438275
4370,5.71962865612445,4.952545721548655,2.135089374707116,1.7223648223101988,11.8491770029068,0.3732916073879919,0.929921465158601
2552,8.222703438449951,8.133861130732768,2.5787665271757256,2.048837597807781,14.30064749717712,0.3136154120696155,0.9503445524712538
852,15.026641500802844,15.076150324290833,2.748775694261527,2.1324004636325045,20.363032341003414,0.1829268166219754,0.9833292432742657
3180,4.970739260555694,4.679429982446188,2.1593028009443898,1.713901962377213,12.10884964466095,0.4344027493212337,0.9015975290705027
3551,5.733559194480635,5.3538220047422636,2.146283828369606,1.6693942000803732,13.874080777168272,0.3743370837499523,0.927315159302943
4336,5.5916508855803375,4.928176916812762,1.9617728729144743,1.5379984806961031,10.626986026763916,0.3508396559544631,0.9381572916480431
2994,6.114917290310894,5.934569158954641,2.1135215058147963,1.6955911433684094,12.544713377952574,0.34563370287341055,0.9389016109284447
1436,16.437367553250173,16.49493386430762,3.6631661020553783,2.8159605983242533,25.40298652648926,0.22285600721576965,0.9752603747464369
4949,10.411958345375819,9.937152899586003,2.434686358093694,1.967117801039698,13.105053186416622,0.23383558379053562,0.9724436030905513
1239,6.477125872542234,6.348342090898426,2.148518702424135,1.6670443800467398,17.18273639678955,0.3317086536070132,0.9440703063833769
3828,11.337338220233343,11.2363302092177,2.440856173245009,1.9425461557903172,16.24036693572998,0.2152935835405263,0.9766560456280702
4067,13.21136328764373,13.23145383057809,2.809019880348363,2.164341868747249,20.283985137939453,0.21262150008209763,0.9774315250370815
4044,4.082990738195609,3.0062781081784378,2.334743862036501,1.8422291723067326,13.570845007896423,0.5718219833798328,0.8251789536741627
3122,6.596741218526006,6.531994895584104,1.8998937812956738,1.495520631117873,12.710712909698486,0.28800489792749384,0.9581641408998943
2576,11.597946187795031,11.65701122201899,2.9234709537139127,2.3419744783674057,18.45947241783142,0.25206798741577147,0.9684047383948864
869,6.518067005166419,6.397765221311314,1.9812686525502485,1.5485646220796774,12.254206776618958,0.30396567739789027,0.9531072743752136
2149,10.664000480797517,10.470722276447392,2.3152084714999996,1.8768709540988369,13.848121643066406,0.21710506068233548,0.9761649474415465
1129,12.11685692193475,12.15064978488723,3.1873497420613095,2.498055972017952,22.304576873779297,0.26305086893378715,0.9655022205098772
1462,17.192099133526995,17.17744239508008,3.2325705210226072,2.521713547974259,22.777626037597653,0.18802651705972562,0.9823082951767511
3576,12.479480223069128,12.318499790618143,2.779517159292668,2.1194393091832224,21.218053817749023,0.2227269974076765,0.974956490775482
1099,7.331321284324076,6.967818705445586,2.0985904382106346,1.674364616576129,12.99723529815674,0.2862499618858428,0.9581864696261948
5,8.880844974363933,8.647896383200685,2.623964199507102,2.036314889297666,16.128469944000244,0.2954633491612138,0.9555282077170417
1276,14.781955640358785,14.464111277603344,3.4944274560379536,2.7599683737515357,20.002992630004883,0.2363981830994818,0.9716801835528441
4954,15.51750429090351,15.577485525369722,2.788871102092472,2.073028498774951,23.60930633544922,0.1797242036999037,0.983919234389432
4816,9.676975663021055,9.235141301379338,2.618891073655272,2.1166230225920066,14.555740356445316,0.27063115221658834,0.9627195688862883
4773,22.23690501345647,21.977622015448894,4.194000996300229,3.1995679131015278,30.347517013549805,0.18860542839762393,0.9820729443271193
4968,8.722517892980822,8.366559518798265,1.9511788847604516,1.5039941365598348,15.006349086761475,0.22369445482371586,0.9747840468912664
1779,15.221246848059318,14.83091839900108,2.758183140772301,2.020188619036328,22.564098358154297,0.1812061238021355,0.9834875287817895
3381,6.538348380137297,6.2159156940784985,2.180343206030534,1.7883101550125027,12.487348794937132,0.33347002626139505,0.9427937356789802
3941,7.04846157502059,6.704935596003887,2.433903431040981,1.9831690106669901,14.89469885826111,0.3453098814735145,0.9385744859930267
3362,10.726472121165076,10.472309292144748,2.629400600441673,2.1076841075844666,14.273050785064697,0.24513191016955493,0.9695135233439466
4214,5.499259932071136,4.8061237325069746,1.9576250480436639,1.5553794597880062,11.592359066009521,0.35597972676777645,0.9365901938383474
764,6.939391647008293,6.941766964455928,1.993882233747052,1.562743435331292,11.187687754631042,0.287328102400252,0.9587354640031271
1180,8.853441512365817,8.918002204163535,2.2373502451846603,1.8036353257605149,11.909234046936035,0.25270966573390685,0.9683264685906907
1944,11.957446027308752,11.673248782805796,2.70048091523207,1.9753150294584525,20.970413208007812,0.22584094538788932,0.974166380401423
2487,9.098600086114082,8.82855633399443,2.3131939058956346,1.7860172157207812,16.799582481384277,0.25423624337835643,0.9671473518194095
4680,11.331909896753613,11.109882563234533,2.232745421269782,1.7816000376149967,16.04398536682129,0.19703169559346947,0.9803971190426226
443,12.413889247194609,12.262645819898186,3.1629873223856912,2.3154249719714293,28.983188629150394,0.25479422761085846,0.9672147322939139
9,9.124186936527165,8.96113984301195,2.000235438269208,1.623630656294356,11.7614426612854,0.21922341707638607,0.9756959024290356
2326,15.807954205851733,15.398699239444758,3.2496209794505493,2.374114753272387,27.128751754760742,0.2055687242722158,0.9786532240957079
2697,7.134125746397506,6.896093978407234,1.8822263845389595,1.4855253844225196,11.811851739883423,0.26383420357980386,0.964570254172553
2520,14.15037475276635,13.943970330783092,3.06973119827449,2.298219572931169,25.510310173034668,0.21693638874647952,0.9762289481750567
2642,5.552447982321061,5.003688375703028,2.16532596975128,1.7108841436031397,15.284893035888672,0.3899768132264645,0.9210390570092337
1600,12.432304435825328,11.94609400658981,2.941122969043636,2.3156730333497437,20.918649673461914,0.23657102222886384,0.971674028273764
4601,8.965475402079432,8.868747100790248,2.301607054216292,1.8466245265299326,14.060992240905762,0.25671890792120877,0.9667471378215784
2127,7.262106245298064,7.024256868614232,1.9399938779384758,1.5821735496864056,9.924463748931885,0.26713928609823734,0.9636645898804926
1546,15.170900195552598,14.815132335061998,3.087020431704237,2.2631807928818084,28.85210609436035,0.20348300970361718,0.9790817524365364
998,7.2638287466758475,7.030711734891794,2.233795900206555,1.8180085507837456,15.597379207611082,0.30752320547601136,0.9516789543873418
679,10.74038296722351,11.03509433000078,2.7150916009761734,2.167490890917114,19.477333068847656,0.25279281095113965,0.969267644301606
1428,8.49755814638951,8.373327896052857,2.1514315482130812,1.664335699368886,16.98933696746826,0.2531823273403776,0.9675822882983173
231,7.52176089788198,7.135396396466331,1.7834699028831744,1.341186548636014,13.695994615554811,0.2371080292362622,0.9717584753824735
4043,11.650002618328315,11.528616390559757,2.232734465815083,1.6618337632890403,20.95272445678711,0.19165098403518327,0.9814964359398011
3760,10.271569640428707,10.108838137368299,2.512052585231501,1.954128177704424,15.427887916564943,0.24456365221378717,0.9697404090003318
4824,9.111656102195225,8.577989873458717,3.0708062424343945,2.2871231787338027,23.5957612991333,0.33701955034217773,0.9414976511985954
1056,5.77928555533049,5.21357914524212,2.2465806916366375,1.7961460036872916,12.172967076301575,0.3887298300331461,0.9215568965643349
3730,14.067333970254841,14.254883223214657,2.7851553170391425,2.0886947506693536,21.072696685791016,0.19798743123098592,0.9807460613970602
2593,14.59474607099563,14.706130767258802,2.8832174769755183,2.287479532459891,19.852949142456055,0.1975517397116886,0.9806633516353507
1995,6.903292665610082,6.461005979811639,2.1055578433277646,1.6526163376608922,17.469422340393066,0.30500776155948833,0.9524938806196409
1986,20.31851903202112,19.759157624195552,3.798132211570605,2.9001520969085197,29.312471389770508,0.1869295791482101,0.9824237385567728
2684,11.295215740361161,11.105181656067705,2.170045793650078,1.7601460004561302,14.32613754272461,0.19212079198238416,0.9813729419690618
1709,10.571069197494493,10.465964182450518,2.276942139223798,1.771880503850775,14.785938262939453,0.2153937408491724,0.9766197338128998
1263,7.5997102041388755,7.091219141811597,2.153889429394708,1.6230639221080032,17.71404880285263,0.2834173108629431,0.9593562987800865
4251,7.458569960409151,7.066835525280372,2.717908470895075,2.1094115655714956,15.82842242717743,0.36440074777363624,0.9313813488329741
3907,21.796808938079955,21.281262422708192,3.511109246064765,2.596526129000961,33.08170509338379,0.16108363641848084,0.9869982257256887
1516,12.366435114180579,12.189837361026727,2.3309655876363067,1.8416685803819903,16.77389144897461,0.18849131266320968,0.9820815954192691
3031,5.491645653115603,4.708114161284089,2.5299756306883063,1.9724421256440885,16.130078673362732,0.4606953526313124,0.8880914882725143
648,7.277554422134624,7.298324067207596,2.2145112036006402,1.780768969031738,16.643986701965332,0.30429332096304523,0.9538386013627862
2969,9.47821578591778,9.135741907598367,2.3702191652442273,1.8417557899696089,15.26247501373291,0.25007018396497904,0.9682375755586389
301,4.989435338925303,4.621258925631145,2.143293940012942,1.6835685046801616,12.24915635585785,0.4295664327568169,0.9033251579538759
4952,4.635471009447312,4.085110834116563,1.856853335029253,1.467466954862967,10.432926952838898,0.4005748997771525,0.9169587183308566
2174,11.173087073769704,11.061046267271486,2.640455865971935,2.1074170344513945,19.858762741088867,0.23632285764341293,0.9718436870863296
244,13.099342255392495,13.19178965878727,2.423755914702617,1.851956386947916,18.394055366516113,0.1850288256805299,0.9830268567355807
887,5.901737385382624,5.661411137011461,1.9263439847080066,1.5154322223316055,11.293424278497696,0.3264028639226069,0.945333611337993
2101,15.614800463150498,15.293522046641899,3.0710329738325806,2.2561976118166465,23.720937728881836,0.19667449360495753,0.9804693951612402
4497,3.1481696307068527,2.2161392106851254,2.01460182404212,1.6134035796637274,11.48999971151352,0.6399279773211538,0.7713888915975223
3894,6.53965625205037,6.383838054086521,2.124530450143394,1.744445024507217,15.125775814056396,0.32486882616762813,0.9462328868860821
2805,6.317605556475568,5.9758078977240165,2.0709226589663117,1.6473728592412977,13.987983703613283,0.3278018294199467,0.9447472064109388
870,8.099109941860966,8.237982807697113,1.9001170537570036,1.5102091448501274,12.372778415679932,0.23460813193016192,0.9730879686291144
3857,14.228790079618769,14.032476854465337,2.81858029444471,2.1896916356520055,21.084197998046875,0.1980899485249998,0.9802022153025925
4294,8.90668379739966,8.39895740017977,2.3106406694810633,1.7429646433382096,16.821378231048584,0.25942771990577046,0.9660373770596888
1286,4.630036762485853,4.60385418880399,1.855027281895105,1.5104081036357675,9.605222821235657,0.40065065939112465,0.9192991554076717
4908,13.969765121937872,14.064147649735357,2.983400069026289,2.27526300332809,21.273925781249996,0.2135612190316078,0.9773715085971346
4637,7.463402810760262,7.366172290626105,1.8430333378286363,1.4759763032928044,12.743433952331543,0.2469427665315702,0.969193154246415
687,12.280607510784655,12.359033772303158,2.4649202451803838,1.9195280343754568,17.17903232574463,0.20071647457308,0.9800045349007271
2543,14.881894652699815,14.776632976714343,3.0423410784150247,2.3660342784044164,21.179058074951172,0.20443237567624462,0.9789800394640672
3525,9.553326612618882,9.20512152602306,2.6142025384039393,2.0397213158010077,20.19410800933838,0.2736431658215127,0.9618328188547269
3128,9.259893756761636,8.994660513230716,1.9065933304785279,1.511025624835443,12.848949432373045,0.20589797038290214,0.9786002728847324
2193,15.625167182791326,15.536932002836448,2.768382188273879,2.1293976371513827,20.544273376464844,0.17717456433508233,0.9842314864750835
4,11.433970588871096,11.344623370735933,2.5335387297153895,1.9376637166122437,17.589431762695312,0.221579958599975,0.9752885921204968
807,12.369738789598951,12.282394088171616,2.722888772840076,2.016214706917927,21.652339935302734,0.2201250017607168,0.97562530819607
2649,6.759157391339241,6.592958794874286,2.2741148435086296,1.7361454271905838,15.00158429145813,0.3364494583929259,0.9422840236856534
2537,9.670891820217408,9.67578500895983,2.588033537156853,1.936906948836399,16.283726692199707,0.2676106387361773,0.9642105094575123
2659,6.125702901428403,5.898532083130111,2.2577295703474523,1.7949125271105502,12.507365226745605,0.3685666129548971,0.9301776160822229
3844,10.998402147933364,10.753656186763108,2.534300706255192,1.9420656008228192,20.092294216156006,0.23042444458456138,0.9731013097451352
3334,9.637679860735691,9.656989341517063,2.3190258410829814,1.8226601270960687,17.087454795837402,0.24062075879183217,0.9711107131590194
1474,4.412802474228601,4.265173265260554,2.015029277998551,1.5628021265918604,13.412116527557373,0.4566325571485718,0.8927137285445477
669,6.938258513421729,6.972911806983168,2.3475305209840798,1.8552586613454254,16.546393394470215,0.3383457846724642,0.9430579360914351
2759,4.858261394187936,4.309974335379527,1.9681080429918536,1.5467367136823262,13.217159777879715,0.40510542420511836,0.9146847114371865
4342,4.919669788244035,4.50651851833141,2.4256116112720285,1.8702299346693725,16.029398441314697,0.4930435813127604,0.8711604084639739
2112,20.856225675468618,20.915675821252844,3.425559883930819,2.519460184007442,25.098217010498043,0.16424639516439496,0.9865539510647502
1614,19.256371532355864,18.441750366432398,3.8641966036709725,3.0771400709953936,29.259323120117188,0.2006710660509477,0.979910509597974
1675,4.843238899372563,3.858803959898653,2.1532277309489856,1.7437620166144654,10.983525902032852,0.4445842494426476,0.9018873124390664
4689,16.59434544045629,15.784956351493266,2.9671805282873307,2.343126088883687,19.896453857421875,0.17880672298489544,0.9844448768695159
554,13.513517955268973,13.309961637399253,2.9151626763984257,2.3169736763578617,19.764290809631348,0.21572196714785083,0.9764913512807655
4138,11.039769791969306,10.888678356750855,2.7476123247181867,2.154124780920374,17.53388786315918,0.2488831177183505,0.9686937915578168
3718,13.259489055878934,12.788347982462374,2.7065811165662654,2.101052374564726,21.655922889709473,0.204124088429051,0.9790536805500802
1206,9.119613713910011,9.044587900212365,2.28125892829592,1.7723310677493311,16.98356342315674,0.25014863566165635,0.968487421002822
580,11.34322199125016,10.816809673339835,2.8378565104510605,2.2205357236846455,20.937768936157227,0.2501808139380594,0.9683110033466953
4667,7.519218573928348,7.546437981440163,2.266618357046923,1.722419168975264,18.25106430053711,0.30144333945897633,0.9547363620528715
611,6.707484811698284,6.373894281178327,2.2046575685844494,1.8204003902932886,11.338547706604004,0.3286861812552129,0.9444570594838303
2650,7.9651934666952995,7.943869845110427,2.2928493132369017,1.8234856504706938,14.4807288646698,0.2878585840788357,0.9584610974116347
1884,15.647409923647997,15.035480847817098,3.073459734980174,2.3461207753875946,24.579715728759766,0.1964197109922481,0.9807203660147525
2715,5.633620618215191,5.28340194002875,2.3446694092500224,1.9521916909902948,11.687233686447144,0.41619227991125296,0.9097114241401467
3989,3.5918283072842807,3.1806770008231124,1.952073102457194,1.5218669443867539,12.074259161949158,0.5434761729836476,0.8406249152029349
1975,9.377246408525618,8.967915175902055,2.411056412701809,1.9312544480850549,13.711657047271729,0.25711774092975964,0.9664326976661269
3917,16.72595784645061,16.3935425016302,3.339275404362109,2.5184437205676753,28.917116165161133,0.19964628842292173,0.9798680655763438
4090,13.644690159774443,13.66021571340861,2.44061577197813,1.9346908034935564,18.223578453063965,0.17886927027286015,0.9840217202413791
2983,16.94566190649899,16.487841536400307,3.195521451977571,2.3537398461200474,25.296408653259274,0.18857460213767316,0.9821011965758873
1680,11.737927755816935,11.298959552700277,2.4807625186890676,1.8274391425959902,22.05630588531494,0.21134586703003708,0.9775252480020158
2207,11.995170005683029,11.73916964043545,2.5244926260877345,1.9408791785957695,16.658896446228027,0.21045909519345615,0.977603233362222
1826,6.787938809334892,6.669719267669802,1.8416502808345048,1.4819133108618778,11.477532863616943,0.27131215123828684,0.962696842693633
3220,9.206880721465362,9.053911720465223,2.3753385641730067,1.8119254331905434,15.995919704437256,0.2579960179819674,0.9662970887610118
1207,5.520684091589475,5.199739841037994,2.0844815162017114,1.6248175694516722,12.193684220314026,0.3775766701408127,0.926112309351244
2169,6.117237880342851,6.105913357524434,1.8943464323405168,1.4976756485217027,12.625829696655273,0.3096734947038458,0.9519639502694174
2119,5.755935640935484,5.904513133699633,2.009403206677809,1.5827031062934631,12.68928050994873,0.3491010553327227,0.9409223465461252
2308,6.311143696316019,5.9233219421829535,2.3485826486826262,1.8605486173127759,12.800960779190063,0.37213265323899314,0.9282368464343542
3041,12.626028875288826,12.435111977486365,2.9543776891668725,2.3854458624731896,15.976550102233885,0.23399104487627664,0.972319867778045
1988,9.0846638933009,9.036543570658493,2.9487485531076567,2.3951845197766266,16.56945526599884,0.3245853217841208,0.947055773969938
1854,8.803495377201937,8.645451578327517,2.0959610917531073,1.6825995488180738,12.001059532165526,0.23808282982472334,0.9713042702731564
3544,8.06932528420187,8.080648917810253,1.9349238503694535,1.524267221583425,14.507925033569336,0.23978756367123388,0.971292232201625
1929,7.426320368255794,7.618610149269197,2.516878435896241,2.040601210142625,14.678883790969849,0.3389132586650548,0.9443451958621657
1400,9.815473795887607,9.685947870451344,2.099240026335995,1.665721268770118,14.554106712341309,0.21387047329447453,0.976912108781391
4440,6.256932974702103,6.224850684518554,2.1867365493587254,1.7887817455544097,13.263794898986816,0.3494901668597205,0.9386267672125642
3198,10.648595935324524,10.958328609751943,2.2802437511340194,1.6885284735141166,18.542062759399414,0.21413562548371098,0.9781320522058987
4493,17.518899979136634,17.223827457524447,3.559899409997035,2.6459628358366305,31.126392364501953,0.203203364037499,0.9791447748015283
2885,12.176747568014818,11.957093249470024,3.0821090848651904,2.2682670075703246,25.854787826538086,0.253114312146956,0.9675438002712913
2085,12.80578078073819,12.908114970720092,2.7145760913093837,2.137375914899481,16.120603561401367,0.21198052174940496,0.977741929033892
2605,8.886912530958705,8.629514912145202,2.4099467619996373,1.8697941825222402,16.7152042388916,0.2711793048040337,0.9625661167556746
2477,21.786539358139432,21.289373709609208,3.7694448469656296,2.6864409639027005,32.882389068603516,0.17301714535756998,0.9849494553431928
4791,9.967681120585347,9.429762459644913,2.1177141136978315,1.699390067629097,13.132972717285156,0.21245805198606413,0.9776825795722486
3862,5.199142502084612,4.559842325246253,2.2881703985404447,1.8250734824551862,15.215813159942629,0.44010534383756467,0.8981953837509997
2278,20.92643381822565,20.780586054367298,3.5630424672084455,2.684833522283352,28.092147827148438,0.170265153544951,0.9854276131015245
3206,8.651275721647936,8.228181082740173,2.243201693956823,1.7802406223855745,14.898267984390259,0.2592914347121892,0.9659127976761097
1435,18.505701029487497,18.55284085318842,3.219534529243971,2.377314941939973,24.957857131958008,0.1739752805967132,0.9849079893576972
4913,12.795367193759978,12.777759224132053,2.5452546155368134,2.0096709463742637,17.075732231140137,0.198920013548191,0.9801890987678584
722,5.643038146172409,5.299146673890231,2.152299079920893,1.695695789961227,12.7361319065094,0.38140785586940723,0.9245211736848405
940,4.6127594421136715,3.8244555719314848,2.349612476547631,1.8565772854498133,13.010056972503662,0.5093724279432584,0.8611423877672222
3617,9.798770578743818,9.698188142400884,2.3568475412993117,1.8367265375842081,15.617212295532227,0.24052482118644058,0.9708271345962598
2374,20.050185843154612,20.07355622448998,3.1696281487933398,2.4200625346366986,25.519437789916992,0.158084726674765,0.9875198357088009
4418,5.61610832011779,5.533436310972997,2.3009360314236886,1.8762458674886473,12.83961033821106,0.40970292955023163,0.9149277948379662
733,6.228467284448482,5.578078031453042,2.1929005126499845,1.7233484343783434,12.820519924163815,0.35207707008838557,0.9368819321234527
2406,15.409237217986496,14.772929582247574,2.995459201525977,2.257754192705286,26.566808700561523,0.1943937366367178,0.9811810218623728
797,10.187113219639196,10.597712939890023,2.6271291044140765,2.0751657635951517,16.33802032470703,0.2578874945013248,0.9688161871749099
472,13.987828571734045,13.745821305182368,3.27376787126141,2.536880401577379,19.827155232429504,0.23404403724798917,0.9722818011942541
763,6.089114077482862,5.879750128308418,2.066266441768943,1.6191272914940813,12.970666885375977,0.3393377781194572,0.9409869789662788
2077,12.372131432044089,12.361194235506202,2.5796477741828254,2.0340266685726065,21.348713874816895,0.20850471790992145,0.978244049380323
3666,3.789343635499043,3.4160879836263573,2.2248615773898135,1.7837982737386722,13.344094157218933,0.5871363991766366,0.8141835021285643
1193,8.29079954770465,7.678552433395168,2.504768029083186,1.9115743326761476,18.161084175109863,0.3021141706141772,0.9536687694657048
3726,6.253272755972464,5.88069018727035,2.028631294101784,1.648106717923214,11.45112133026123,0.32441113210106665,0.9459322515194039
4684,8.868755771764274,8.852730938242214,2.2549483977999576,1.7498498395781952,15.088034629821776,0.25425758199127607,0.9676196658360766
1968,5.167831163499039,4.519997769919328,2.213504038774973,1.814597731547592,13.43938660621643,0.4283235981874168,0.9041056647970249
4206,5.748374918216533,5.783120955184636,1.7003988565980772,1.3824702609164152,8.926919937133789,0.2958051415904577,0.9565306772844628
3586,8.461615700947288,8.185687756269767,2.9297179510944935,2.3049985047507353,19.29978656768799,0.3462362336742034,0.9385893584621958
4783,6.184687984877274,5.376434275744821,2.086478596820735,1.6151167671084254,13.068933010101318,0.3373619820308749,0.944361739200781
4577,17.75890992343599,17.33964071554454,3.6345206812629285,2.9675103123316786,25.033960342407223,0.2046589963535173,0.9788363882121408
2614,9.252339948284991,9.1747928320698,1.9864897395125485,1.5395556239509878,13.117610454559326,0.21470133508018835,0.976792279818859
3132,11.80837023924565,11.733813162468989,2.294744117147426,1.7734463041930455,16.44852066040039,0.19433199253193642,0.9810176179206098
1810,11.07834407812004,10.9565108751814,2.532269988249327,2.0222912673338422,18.60402202606201,0.22857838413329418,0.9736466135169719
3537,7.938265860414385,7.012259101415768,2.8765606225469984,2.2463210587476845,16.45771312713623,0.36236637486425016,0.9333774462480113
1389,6.805649312616234,6.539942406270952,2.542512508617143,1.9843375756435906,15.925909280776978,0.37358852797540754,0.9281736987168148
3988,13.691074562148312,13.41950906624954,2.8513380264426833,2.201733790489718,20.842832565307617,0.20826254458695098,0.9780751908207386
2562,7.662912059138314,7.485812471251972,2.2170496056093523,1.7256099928787743,14.620105266571045,0.28932207344927524,0.9574295778946101
1659,12.700822574207935,12.130214926156091,2.742524194774866,2.1361603361005446,18.05380153656006,0.2159328011040969,0.9766465250490106
1769,8.004550989975474,8.028427203374326,2.4300224222046696,1.8934980486570658,15.388833045959473,0.3035801040243127,0.9540610369660615
206,16.368997744596225,15.91176182501366,3.1812469616478176,2.492550579026461,19.985448837280273,0.19434586107741503,0.980973502618084
3329,7.747224591259803,7.716596111649944,2.416828313967385,1.9632531325973726,14.131649971008303,0.31196053315583255,0.9511550203319333
158,6.557235712821302,6.383934090157744,2.1554929641114406,1.7456170669919284,14.485904052853584,0.3287197621852796,0.9448637059532246
1847,10.644659997460899,10.39619621887142,2.6072829960013477,2.015906259917577,16.33491563796997,0.24493811888996647,0.9695646644184956
2731,9.37789558050176,9.497767904892461,2.346316023148796,1.8552114493590068,13.012834668159485,0.2501964329851557,0.9691765662456484
3149,18.82732149132581,18.91142313687121,3.406112966116675,2.4256527954702443,27.110260009765625,0.18091330557487698,0.9837178971314885
4553,14.84142224670805,14.386629160955987,2.917946689777487,2.2399427733223933,22.684873580932617,0.19660829274126418,0.9805459618117932
983,12.572906656224935,11.868590723115783,3.010718441750803,2.360709542018206,19.098835945129398,0.23946081236992042,0.9712900062771035
3979,4.360531396017799,3.4681985058033957,2.308865389348056,1.7950973997439799,12.759572505950928,0.5294917476013585,0.8500778652757874
2117,14.502407575047133,14.109237963871104,3.008822706443991,2.2749148817892664,25.282676696777344,0.2074705658956225,0.9782559813033476
2645,6.905644211739305,6.25131914320308,2.376682178841256,1.9109671688496854,15.457140445709227,0.3441651648952601,0.9395349646483242
1906,5.53063237500371,4.748698660956886,2.044394014557406,1.5983780195970305,12.31601095199585,0.36964923284311313,0.932070119458554
4092,6.36395698173944,5.872058866919933,2.607519599046722,2.0504513971896134,15.2484610080719,0.40973243636446094,0.9122654914316847
2729,16.120808001392433,16.00877922038642,3.0762901330515477,2.4086520771903226,25.203327178955078,0.19082729183213606,0.9816893723695437
1582,8.111814630892928,7.581401965191501,2.530157269093754,1.9815096898639264,17.61642026901245,0.31191014393474137,0.9502401223016154
3995,5.192911945973096,4.297395671948732,2.0718774197329455,1.6584559826622667,11.546606540679932,0.398981812379778,0.9217886927687575
3338,6.916750106890919,7.055008072887579,2.4346953354029095,1.932261750379222,15.947663307189941,0.35199989847505214,0.9394579791689205
4714,9.635229512062075,9.166941482236396,2.290828249569869,1.7646597093451222,14.948483943939209,0.23775544180883756,0.9715337272650284
2274,6.888232259093302,6.732009246434886,1.8070904565996373,1.4576130036957469,12.271230697631836,0.26234458836867164,0.965052238169671
3809,10.02528793984145,10.07957822136331,2.657175547277815,2.0128960629370694,19.967907905578613,0.265047304698147,0.9650787363591077
3791,9.832101806177374,9.241727523001025,2.55823573918365,2.0377535430829052,17.028693437576294,0.2601921531748528,0.965905535743688
1752,14.665083715418325,14.654183938808709,2.7067609949116966,2.081104772373207,18.67474365234375,0.18457180657386282,0.9829542311036735
1372,23.862296065893464,23.010516738446068,4.106455613929796,3.0958686023515187,34.3592472076416,0.17208971016830105,0.9853051111936866
1430,8.642658029117564,8.180033436470534,2.6402444826365055,2.0148280141351864,18.14218306541443,0.3054898705631282,0.9522126308492405
713,9.894954508239348,9.593896037268676,2.339890765405482,1.8269014907748578,17.842439651489258,0.23647312005902582,0.971640226895736
404,10.89709745696127,10.748342131664252,2.5122956058713313,2.0170543695659187,14.448961496353151,0.2305472274423342,0.9731506434466712
4101,17.280714005157954,17.109025279665286,3.5081291557261207,2.661262678277915,29.12050247192383,0.20300834529632358,0.9792368732910642
4814,9.627363920238835,9.349064173895476,2.5516110516678436,2.005967091632758,16.934818267822266,0.2650373531952808,0.9642623383540708
2769,3.8818057613604435,2.9371239886649994,2.3307987677546453,1.7991565684760036,13.314595699310303,0.6004418847937868,0.8008919423378383
4203,12.679041677693862,12.527733934292149,2.8999079714432594,2.240877222157933,22.10140037536621,0.22871665265877664,0.9736005095524431
4632,6.29862098121869,5.82395693191025,2.0662272069842036,1.6505541023096775,11.030377984046936,0.3280443787847065,0.9448790961719512
725,10.36454321526053,9.923715780181372,2.9103414398580587,2.292083568865552,17.829222679138184,0.2807978489175417,0.9597696947882431
1595,8.196924147709778,7.801384857990913,2.215970741968463,1.7937025275630527,13.02593994140625,0.27034174063787153,0.962828215231259
1856,3.7871453518714877,2.939345535709074,1.986023621119238,1.578835898084094,11.404078394174576,0.5244117763100399,0.855120199287729
1587,11.460881096606544,11.398720445922,2.2236847260095796,1.7478446958813794,16.95451545715332,0.1940238893733913,0.9810895082855571
633,18.042527379413006,18.138613642666574,2.884142365377242,2.261453970439073,18.35406494140625,0.15985245884499108,0.9873053821458353
1630,13.56276852355447,13.155740666071548,3.135606771653291,2.480576095390974,22.36758041381836,0.2311922352879267,0.9729124807455036
3044,12.199202504512229,12.05654908552738,2.714153166547394,2.1400697697820976,19.606144905090332,0.22248611460818737,0.9750263012018534
2372,13.888396617977971,13.416863666136605,2.797886428559998,2.1451813309835073,21.68913173675537,0.20145496312643077,0.9795913995206617
412,12.242165274649944,11.973708884611291,2.9190772422148217,2.296207024821776,20.363637924194336,0.2384445215961431,0.9711805653536563
4186,8.991212753057164,8.975345843532503,2.3110201727807795,1.855583848365242,13.944609642028809,0.2570309741580738,0.9669107031571265
2857,12.560660333927743,12.649429890135265,2.6601516290380496,2.051762960450173,18.56937313079834,0.21178437743855583,0.9777558671312508
1391,20.21120663805158,20.07897857545043,3.7648451686203694,2.8841525594585002,30.64733123779297,0.1862751312201374,0.9825580781498668
3448,8.684149442214594,8.342787058933858,2.394704828242636,1.9265399190736698,15.536831855773926,0.27575582895910516,0.9612278661526735
4125,10.128129832891767,10.523994611720624,2.2186903853137454,1.7719455466916616,14.56911563873291,0.21906219824595874,0.977643538942112
2967,11.504195513180335,10.527523674806865,2.7973191617354436,2.210207344767079,16.289369583129883,0.24315643440956478,0.9716329476064272
2512,13.863517056392329,13.518951220595945,2.808113352594207,2.186798897657715,22.439763069152832,0.20255418168215936,0.9792797827102753
2312,9.41733386690149,9.411908106283194,2.4938560468352864,1.9493761663926648,15.627003908157349,0.2648155074548525,0.9649163261544123
4604,4.670398781963354,4.305365129017559,1.941155595394259,1.5556604986359184,10.28242638707161,0.4156295181668044,0.9096161556859491
